Código,Gênero,Idade_clinica,Prontuário,PROVAVEL_HAM/TSP,Dermatológicos,Artralgia,Comprometimento da função urinária,Sintomas psiquiátricos,Dor MMII,Parestesia MMII,Paresia/Fraqueza MMII,Dor Lombar/Coluna,Neuropatia MMSS,Função Motora,Expression_CD39_Diplotypes,rs10748643,rs11188513
1,F,55,931729,0,0,1,0,1,0,0,1,1,0,0,3,0,0
2,M,44,931704,0,0,0,0,0,1,0,0,1,0,0,2,1,1
3,M,62,927218,1,1,0,0,0,1,1,1,0,1,0,2,1,1
5,F,53,552395,0,0,1,0,0,1,0,1,0,0,0,3,1,0
6,M,66,545610,0,1,0,0,0,1,0,0,0,1,0,1,2,2
7,F,32,901265,0,1,0,1,0,1,0,1,0,1,0,2,1,1
9,F,48,875640,0,0,0,1,0,1,0,0,0,0,0,2,1,1
10,M,38,618748,0,0,0,0,0,1,0,0,0,0,0,3,0,0
11,F,79,908148,0,0,0,1,0,1,0,0,0,0,0,2,1,1
99999,F,59,203424,1,0,0,1,0,0,0,1,1,1,1,1,2,1
14,F,55,927208,0,0,1,1,0,0,1,0,0,0,0,3,1,0
15,F,54,922368,0,0,0,1,0,0,0,1,0,0,0,1,2,2
16,F,52,948491,0,0,1,0,0,1,0,0,0,0,0,1,2,2
19,F,70,538923,0,1,1,1,0,1,0,0,1,0,1,3,0,0
21,F,47,799909,0,0,0,0,0,0,0,0,0,0,0,2,1,1
22,F,69,832840,0,1,0,0,0,0,0,0,0,0,0,2,1,1
23,F,49,742079,0,1,1,0,1,0,0,0,1,0,0,2,2,0
24,F,27,950334,1,0,0,0,0,0,0,0,0,0,0,2,1,1
25,F,44,888470,0,0,0,0,0,1,0,0,0,0,0,2,1,1
27,M,74,82745,1,1,0,1,0,0,1,1,0,0,0,2,1,1
29,M,38,922768,0,0,0,0,0,0,0,0,0,0,0,2,1,1
30,M,47,500533,0,0,0,1,0,0,0,0,1,1,0,2,1,1
32,F,47,527152,0,0,0,0,0,0,0,0,0,0,0,3,0,0
34,M,66,544510,0,0,0,0,0,0,0,0,0,0,0,2,1,1
35,F,73,936059,0,0,1,0,0,0,0,0,0,0,0,1,2,2
36,M,69,187660,0,0,0,0,1,0,0,0,0,0,0,2,1,1
37,F,30,903571,0,0,0,0,0,0,0,0,0,0,0,1,2,1
38,F,31,99999,0,0,0,0,0,0,0,0,0,0,0,2,1,1
39,F,31,861065,0,0,0,0,0,0,0,0,0,0,0,2,1,1
40,M,45,744184,0,0,0,0,0,0,0,0,0,0,0,3,1,0
41,M,39,951681,1,0,0,1,0,0,1,1,0,0,0,2,1,1
42,F,66,587751,0,0,0,1,0,0,0,1,0,0,1,2,1,1
43,M,56,938491,0,0,0,0,0,1,1,0,0,1,1,3,0,0
44,F,38,951124,0,0,0,1,0,1,0,1,1,0,0,3,1,0
45,M,29,951682,0,0,0,0,0,0,0,0,0,0,0,2,1,1
46,F,19,559540,0,0,0,1,1,0,0,0,0,0,0,2,1,2
47,F,44,952979,0,0,0,0,0,0,0,0,0,0,0,2,1,1
48,M,37,909845,0,0,0,0,0,0,0,0,0,0,0,3,1,0
49,F,72,857061,0,0,0,0,0,0,0,1,0,0,0,1,2,1
50,F,50,786829,0,0,1,1,1,1,0,0,1,0,1,2,1,1
51,F,65,549463,1,0,1,0,0,1,0,0,0,0,0,2,1,1
52,F,52,841936,0,0,0,0,0,1,0,0,0,0,0,2,1,1
53,F,33,954564,0,0,0,0,0,0,0,0,0,0,0,3,0,0
54,F,59,605679,0,0,0,0,0,0,0,0,0,0,0,2,1,1
55,F,48,733860,0,1,1,0,0,0,0,1,0,0,0,2,1,1
56,F,25,955953,0,0,0,0,1,0,0,0,0,0,0,3,1,0
58,F,54,935440,0,0,0,1,0,1,1,0,1,0,0,3,0,0
59,F,28,897394,1,1,0,1,0,0,0,0,0,0,1,3,0,0
60,M,35,956527,0,0,0,0,0,0,0,0,0,0,0,2,1,1
62,F,36,787346,0,0,0,0,0,1,0,0,0,0,0,3,0,0
63,M,55,556552,1,0,0,1,1,0,0,1,1,0,1,2,1,1
64,F,67,775314,0,0,0,0,0,0,0,0,0,0,0,3,0,0
65,F,46,907196,1,0,0,1,0,0,0,1,0,0,0,2,1,1
66,M,67,187660,0,0,0,0,1,0,0,0,0,0,0,2,1,1
69,F,51,909238,1,0,0,1,0,1,0,0,1,0,1,1,2,1
70,F,59,685150,1,0,0,0,0,0,0,0,0,0,1,3,0,0
71,F,67,687453,1,0,0,0,0,0,0,0,0,0,0,2,1,1
72,M,41,591033,0,0,0,0,0,0,0,0,0,0,0,2,1,1
73,F,25,957449,0,0,0,0,0,0,0,0,0,0,0,3,1,0
74,M,18,693999,0,0,0,0,0,0,0,0,0,0,0,3,1,0
75,F,57,300595,0,0,0,0,0,0,0,0,0,0,0,2,1,1
76,F,60,954091,0,0,0,1,0,0,1,1,0,0,0,2,2,0
77,F,52,355876,1,0,1,1,0,0,1,1,0,0,0,3,0,0
80,F,43,730114,0,0,0,0,0,0,0,0,0,0,0,3,0,0
81,M,48,814198,0,0,0,0,0,0,0,0,0,0,0,2,1,1
82,M,49,958800,0,0,0,0,0,0,0,0,0,0,0,3,0,0
83,M,54,754154,0,0,0,0,0,1,1,1,0,0,0,3,0,0
85,M,58,852330,1,0,0,0,0,0,0,0,0,0,0,1,2,1
86,F,52,921480,0,0,0,0,0,0,0,1,1,0,1,1,2,2
87,F,48,661052,0,0,0,0,0,1,0,1,0,0,0,3,0,0
88,F,50,849229,0,0,0,0,0,0,1,0,1,0,0,1,2,1
89,F,56,811225,0,0,0,0,0,0,0,0,0,0,0,3,0,0
90,M,59,546677,0,0,1,0,0,0,0,0,0,0,0,3,0,0
92,F,69,536338,1,0,0,0,0,0,0,0,1,0,0,2,1,1
95,F,69,395630,0,0,0,0,1,0,0,0,0,0,0,3,0,0
97,F,48,883625,0,0,0,0,0,0,0,0,0,0,0,3,0,0
98,F,75,818632,0,0,1,0,1,0,0,1,1,0,0,2,1,1
99,F,53,962103,1,0,0,0,0,0,0,1,0,1,0,2,2,0
100,M,48,953012,1,0,0,0,1,0,0,0,0,0,0,2,1,1
102,M,65,546893,0,0,0,0,0,0,0,0,0,0,0,2,2,0
104,F,64,963873,1,0,0,0,0,0,0,1,0,1,0,2,1,1
105,F,34,958872,1,0,0,1,0,0,0,1,0,0,1,3,0,0
106,F,51,693664,1,0,0,0,0,0,0,0,0,0,0,3,0,0
107,F,51,856050,1,0,1,0,0,0,0,0,0,0,0,3,0,0
108,F,44,782531,0,0,0,0,0,0,0,0,0,0,0,1,2,2
109,F,38,965253,0,0,0,0,0,0,0,0,0,0,0,2,1,1
110,F,45,802518,0,0,0,0,0,0,0,0,0,0,0,3,1,0
111,F,56,344389,0,0,1,0,0,0,0,0,0,0,0,1,2,1
113,M,46,960413,0,0,0,0,0,0,0,0,0,0,0,2,1,1
114,M,61,872452,1,0,1,0,1,0,0,0,0,0,0,2,1,1
115,F,46,897566,0,0,0,0,0,0,0,0,0,0,0,1,2,2
116,F,58,397283,0,0,0,0,0,0,0,0,0,0,0,3,0,0
117,M,47,968257,0,0,0,0,0,0,0,0,0,0,0,3,0,0
118,M,60,197363,1,0,0,0,0,0,0,0,0,0,0,2,1,1
119,F,39,823271,1,0,0,0,1,0,1,0,0,0,0,2,1,1
120,F,59,969295,0,0,0,0,0,0,0,0,0,0,0,2,1,1
121,M,54,625832,0,0,0,0,0,0,0,0,1,0,0,3,0,0
122,M,21,969726,0,0,0,0,0,0,0,0,0,0,0,1,2,1